Metric,Test,Stat,p-value
FAR,Welch ANOVA,635.5842185077628,3.21409602525449e-31
FRR,Kruskal-Wallis,30.965355734935226,8.644460921313542e-07
Precision,ANOVA,959.555294206132,2.1740328855222764e-34
Recall,Kruskal-Wallis,30.965355734935226,8.644460921313542e-07
Time,Kruskal-Wallis,36.585365853658544,5.631198837697744e-08
